{
    "emyk4x53swbcronid29vgtpflah8j0qz671u ": {
        "emyk4x53swbcron": {
            "emyk4x53s": {
                "e": 0.0935363350304724,
                "myk4x53s": {
                    "myk4x53": {
                        "m": 0.02152852629372985,
                        "yk4x53": {
                            "y": 0.012442741136502646,
                            "k4x53": {
                                "k": 0.006031361187349157,
                                "4x53": {
                                    "4x": {
                                        "4": 0.0016072939874265694,
                                        "x": 0.001634080675758631
                                    },
                                    "53": {
                                        "5": 0.0016506717387739908,
                                        "3": 0.0017645846798124117
                                    }
                                }
                            }
                        }
                    },
                    "s": 0.053081113336332086
                }
            },
            "wbcron": {
                "wbcr": {
                    "wbc": {
                        "wb": {
                            "w": 0.012853532149262843,
                            "b": 0.013455630167965513
                        },
                        "c": 0.027571009981424498
                    },
                    "r": 0.05432303318740922
                },
                "on": {
                    "o": 0.05811617655523373,
                    "n": 0.05965627210307295
                }
            }
        },
        "id29vgtpflah8j0qz671u ": {
            "id29vgtpfl": {
                "id29vg": {
                    "i": 0.06095500939341498,
                    "d29vg": {
                        "d": 0.03160977523187864,
                        "29vg": {
                            "29v": {
                                "29": {
                                    "2": 0.003480693795619051,
                                    "9": 0.0035601269855864443
                                },
                                "v": 0.008546343890470808
                            },
                            "g": 0.016282506318275353
                        }
                    }
                },
                "tpfl": {
                    "t": 0.06629621943432631,
                    "pfl": {
                        "pf": {
                            "p": 0.017076930905452165,
                            "f": 0.017617762484751748
                        },
                        "l": 0.03505543315140939
                    }
                }
            },
            "ah8j0qz671u ": {
                "ah8j0qz671u": {
                    "a": 0.07209938398958711,
                    "h8j0qz671u": {
                        "h": 0.03646613694522938,
                        "8j0qz671u": {
                            "8j0qz671": {
                                "8j0": {
                                    "8j": {
                                        "8": 0.0019228022472270448,
                                        "j": 0.002127734316092747
                                    },
                                    "0": 0.004674786895210568
                                },
                                "qz671": {
                                    "qz67": {
                                        "qz": {
                                            "q": 0.0008531884640021667,
                                            "z": 0.0012914149776145777
                                        },
                                        "67": {
                                            "6": 0.001527860797459176,
                                            "7": 0.001531475610071461
                                        }
                                    },
                                    "1": 0.005869806869830876
                                }
                            },
                            "u": 0.021310247224449554
                        }
                    }
                },
                " ": 0.17059199786151394
            }
        }
    }
}